text,recognized_entities,expected_entities,training_time,recall,precision,f1_score
Allow access from computers to DMZ,"@operation,@destination,@origin,","@operation,@origin,@destination,",0.99800705909729,1.0,1.0,1.0
Students cannot run file servers,"@operation,@service,@target,","@target,@operation,@service,",0.99800705909729,1.0,1.0,1.0
add security from entry to backend,"@middlebox,@operation,@destination,@origin,","@operation,@middlebox,@origin,@destination,",0.99800705909729,1.0,1.0,1.0
Include parental control for PlayStation,"@target,@middlebox,@operation,","@operation,@middlebox,@target,",0.99800705909729,1.0,1.0,1.0
Set users bandwidth to 500 kbps when the 100 Gb per month quota is reached,"@qos_metric,@qos_metric,@operation,@qos_value,@qos_value,@target,@qos_unit,@qos_unit,","@operation,@target,@qos_metric,@qos_value,@qos_unit,@qos_value,@qos_unit,@qos_metric,",0.99800705909729,1.0,1.0,1.0
unblock traffic,"@traffic,@operation,","@operation,@traffic,",0.99800705909729,1.0,1.0,1.0
Grant SSH access to professors,"@operation,@protocol,@target,","@operation,@protocol,@target,",0.99800705909729,1.0,1.0,1.0
Set to 1 Gbps bandwidth limit for the traffic to DMZ,"@qos_constraint,@qos_unit,@qos_metric,@operation,@qos_value,@destination,","@operation,@qos_value,@qos_unit,@qos_metric,@qos_constraint,@destination,",0.99800705909729,1.0,1.0,1.0
"hey Lumi, add dpi to labs","@destination,@middlebox,@operation,","@operation,@middlebox,@target,",0.99800705909729,0.6666666666666666,0.6666666666666666,0.6666666666666666
"Lumi, prohibit access to internal campus computers from the internet","@operation,@origin,","@operation,@destination,@origin,",0.99800705909729,0.6666666666666666,1.0,0.8
Set quota to 10 GB per week dorms,"@operation,@qos_value,@qos_unit,@qos_metric,","@operation,@qos_metric,@qos_value,@qos_unit,@target,",0.99800705909729,0.8,1.0,0.888888888888889
Hey Lumi please block traffic for all students,"@traffic,@operation,@target,","@operation,@traffic,@target,",0.99800705909729,1.0,1.0,1.0
Lumi monitors the network traffic,"@target,","@middlebox,@target,",0.99800705909729,0.5,1.0,0.6666666666666666
Remove load balancing from gateway to database,"@operation,@destination,@origin,@middlebox,","@operation,@middlebox,@origin,@destination,",0.99800705909729,1.0,1.0,1.0
Block all traffic from HR to the backend servers,"@traffic,@operation,@destination,@origin,","@operation,@traffic,@origin,@destination,",0.99800705909729,1.0,1.0,1.0
Deny SSH access to students,"@target,@operation,@protocol,","@operation,@protocol,@target,",0.99800705909729,1.0,1.0,1.0
Make sure all traffic from the Internet to the labs is inspected by the DPI middlebox,"@traffic,@destination,@origin,@middlebox,","@traffic,@origin,@destination,@middlebox,@middlebox,",0.99800705909729,1.0,1.0,1.0
allow all traffic,"@traffic,@operation,","@operation,@traffic,",0.99800705909729,1.0,1.0,1.0
set a maximum of 5 gbps to the servers from 4pm to 7pm,"@destination,@qos_unit,@end,@qos_metric,@start,@operation,@qos_value,","@operation,@qos_constraint,@qos_value,@qos_unit,@destination,@start,@end,",0.99800705909729,0.8571428571428571,0.8571428571428571,0.8571428571428571
"Lumi, for the guest network, limit the traffic of torrent protocol to 100 mbps","@qos_unit,@qos_value,@target,@target,@qos_constraint,","@target,@qos_constraint,@target,@qos_value,@qos_unit,",0.99800705909729,1.0,1.0,1.0
"Lumi, please install an email scanner for the gateway","@middlebox,@operation,@target,","@operation,@middlebox,@target,",0.99800705909729,1.0,1.0,1.0
Add a firewall and address translation for att and verizon,"@middlebox,@middlebox,@target,@target,","@middlebox,@middlebox,@target,@target,",0.99800705909729,1.0,1.0,1.0
"Please Lumi, block streaming traffic for students and set a 10 Mbps bandwidth limit","@traffic,@operation,@operation,@qos_value,@target,@qos_unit,@qos_metric,","@operation,@traffic,@target,@operation,@qos_value,@qos_unit,@qos_metric,",0.99800705909729,1.0,1.0,1.0
put a download quota for students of 10 gb per week,"@target,@qos_unit,@qos_metric,@operation,@qos_value,","@qos_constraint,@qos_metric,@target,@qos_value,@qos_unit,",0.99800705909729,0.8,0.8,0.8000000000000002
Block streaming traffic on UFRGS,"@target,@traffic,@operation,","@operation,@traffic,@target,",0.99800705909729,1.0,1.0,1.0
Limit rack servers to 5gbps during 5pm to 7pm,"@end,@start,@qos_value,@qos_constraint,@qos_unit,","@qos_constraint,@target,@qos_value,@qos_unit,@start,@end,",0.99800705909729,0.8333333333333334,1.0,0.9090909090909091
set a 10 GB per week download quota for students in dorms,"@qos_metric,@operation,@qos_value,@target,@target,@qos_unit,","@operation,@qos_value,@qos_unit,@qos_constraint,@qos_metric,@target,@target,",0.99800705909729,0.8333333333333334,1.0,0.9090909090909091
Please make traffic coming from the Internet pass through a firewall.,"@middlebox,@operation,@origin,","@origin,@operation,@middlebox,",0.99800705909729,1.0,1.0,1.0
block all student traffic,"@traffic,@operation,@target,","@operation,@target,@traffic,",0.99800705909729,1.0,1.0,1.0
make sure all traffic to server racks is throttled to 1 gbps from 4pm to 9pm,"@qos_constraint,@qos_unit,@end,@start,@traffic,@qos_value,@destination,","@traffic,@destination,@qos_constraint,@qos_value,@qos_unit,@start,@end,",0.99800705909729,1.0,1.0,1.0
Allow RTSP traffic in the LAN,"@operation,@protocol,@target,","@operation,@protocol,@target,",0.99800705909729,1.0,1.0,1.0
"Lumi, please unblock all torrent traffic","@traffic,@operation,","@operation,@traffic,",0.99800705909729,1.0,1.0,1.0
Block streaming and gaming traffic in classrooms,"@traffic,@traffic,@operation,@target,","@operation,@traffic,@traffic,@target,",0.99800705909729,1.0,1.0,1.0
Students may use up to 10 GB of data weekly,"@qos_unit,@qos_metric,@qos_value,@target,","@target,@qos_metric,@qos_value,@qos_unit,",0.99800705909729,1.0,1.0,1.0
"Please, allow Skype for all users","@operation,@service,@target,","@operation,@service,@target,",0.99800705909729,1.0,1.0,1.0
Limit servers to 5gbps during 5pm to 7pm,"@start,@qos_value,@qos_constraint,@qos_unit,@end,","@qos_constraint,@target,@qos_value,@qos_unit,@start,@end,",0.99800705909729,0.8333333333333334,1.0,0.9090909090909091
set torrent traffic from guests to 100 mbps,"@traffic,@operation,@qos_value,@target,@qos_unit,","@operation,@traffic,@target,@qos_value,@qos_unit,",0.99800705909729,1.0,1.0,1.0
Mean Precision,0.9817245817245817
Mean Recall,0.9402831402831403
Mean F1,0.9605570904084364
