text,recognized_entities,expected_entities,training_time,recall,precision,f1_score
limit torrent traffic for guests to 100 Mbps,"@qos_value,@target,@qos_constraint,@qos_unit,@traffic,","@qos_constraint,@traffic,@target,@qos_value,@qos_unit,",0.9123291969299316,1.0,1.0,1.0
From my house to PUCRS add middlebox dpi,"@origin,@middlebox,@operation,@destination,","@origin,@destination,@operation,@middlebox,",0.9123291969299316,1.0,1.0,1.0
We provide a data plan quota for all staff of 10 GB per day,"@qos_metric,@operation,@qos_value,@target,@qos_unit,","@operation,@qos_metric,@target,@qos_value,@qos_unit,",0.9123291969299316,1.0,1.0,1.0
Prioritize Netflix traffic from 18:00 to midnight,"@service,@end,@middlebox,@start,","@middlebox,@service,@start,@end,",0.9123291969299316,1.0,1.0,1.0
Block traffic from netflix,"@target,@traffic,@operation,","@operation,@target,",0.9123291969299316,1.0,0.6666666666666666,0.8
Remove nat for gateway everyday from 18:00 to midnight,"@end,@middlebox,@start,@operation,@target,","@operation,@middlebox,@target,@start,@end,",0.9123291969299316,1.0,1.0,1.0
make tcp traffic pass through traffic shaper from 5pm to 8pm,"@end,@middlebox,@start,@traffic,@operation,@protocol,","@protocol,@traffic,@operation,@middlebox,@start,@end,",0.9123291969299316,1.0,1.0,1.0
Hey Lumi please block traffic for all students,"@traffic,@operation,@target,","@operation,@traffic,@target,",0.9123291969299316,1.0,1.0,1.0
limit servers bandwidth to 5gbps between 4pm and 7pm,"@qos_metric,@start,@qos_value,@qos_constraint,@qos_unit,@end,","@qos_constraint,@target,@qos_metric,@qos_value,@qos_unit,@start,@end,",0.9123291969299316,0.8571428571428571,1.0,0.923076923076923
Block F2movies traffic from Internet to Labs,"@operation,@service,@destination,@origin,","@operation,@service,@origin,@destination,",0.9123291969299316,1.0,1.0,1.0
limit traffic to 5Gbps  Between internet and servers for 16:00 to 19:00,"@destination,@origin,@qos_constraint,@qos_unit,@end,@start,@traffic,@qos_value,","@qos_constraint,@traffic,@qos_value,@qos_unit,@origin,@destination,@start,@end,",0.9123291969299316,1.0,1.0,1.0
add a firewall,"@middlebox,@operation,","@operation,@middlebox,",0.9123291969299316,1.0,1.0,1.0
unblock facebook,"@operation,@service,","@operation,@service,",0.9123291969299316,1.0,1.0,1.0
Block streaming traffic on UFRGS,"@traffic,@operation,@target,","@operation,@traffic,@target,",0.9123291969299316,1.0,1.0,1.0
Set to 1 Gbps bandwidth limit for the traffic to DMZ,"@destination,@qos_constraint,@qos_unit,@qos_metric,@operation,@qos_value,","@operation,@qos_value,@qos_unit,@qos_metric,@qos_constraint,@destination,",0.9123291969299316,1.0,1.0,1.0
limit to 100 Mbps the bandwidth torrent traffic can consume,"@qos_constraint,@qos_unit,@qos_metric,@traffic,@qos_value,","@qos_constraint,@qos_value,@qos_unit,@qos_metric,@traffic,",0.9123291969299316,1.0,1.0,1.0
Students can download up to 10 GB per week of data.,"@qos_value,@target,@target,@qos_constraint,@qos_unit,@qos_metric,","@target,@qos_constraint,@qos_value,@qos_unit,@qos_metric,",0.9123291969299316,1.0,1.0,1.0
"hey Lumi, add dpi to labs","@middlebox,@operation,@target,","@operation,@middlebox,@target,",0.9123291969299316,1.0,1.0,1.0
Dorms traffic to internet must pass through a firewall,"@operation,@destination,@origin,@middlebox,","@origin,@destination,@operation,@middlebox,",0.9123291969299316,1.0,1.0,1.0
set a maximum of 5 gbps to the servers from 4pm to 7pm,"@qos_unit,@end,@start,@operation,@qos_value,@destination,@qos_constraint,","@operation,@qos_constraint,@qos_value,@qos_unit,@destination,@start,@end,",0.9123291969299316,1.0,1.0,1.0
block all student traffic in the network,"@traffic,@operation,@target,@target,","@operation,@target,@traffic,@target,",0.9123291969299316,1.0,1.0,1.0
Setup a packet filter for guests traffic,"@middlebox,@operation,@target,","@operation,@middlebox,@target,",0.9123291969299316,1.0,1.0,1.0
Forward all the external traffic to DMZ,"@target,@operation,@target,@target,","@operation,@origin,@destination,",0.9123291969299316,0.3333333333333333,0.5,0.4
Please add traffic shaper between the internet and the dorms,"@destination,@origin,@middlebox,","@middlebox,@origin,@destination,",0.9123291969299316,1.0,1.0,1.0
students should download no more than 10 GB of data in a week,"@qos_value,@target,@qos_constraint,@qos_unit,@qos_metric,","@target,@qos_constraint,@qos_metric,@qos_value,@qos_unit,",0.9123291969299316,1.0,1.0,1.0
Add inspection for the university from 22:00 to 12:00,"@target,@end,@middlebox,@start,@operation,","@operation,@middlebox,@target,@start,@end,",0.9123291969299316,1.0,1.0,1.0
We provide a quota to all students of 1 GB per week of usage,"@target,@qos_unit,@qos_metric,@operation,@qos_value,","@operation,@qos_metric,@target,@qos_value,@qos_unit,",0.9123291969299316,1.0,1.0,1.0
set quota to 10 GB per week at LAN,"@operation,@qos_value,@target,@qos_unit,@qos_metric,","@operation,@qos_metric,@qos_value,@qos_unit,@target,",0.9123291969299316,1.0,1.0,1.0
set a 10 GB per week download quota for students in dorms,"@qos_metric,@operation,@qos_value,@target,@target,@qos_constraint,@qos_unit,","@operation,@qos_value,@qos_unit,@qos_constraint,@qos_metric,@target,@target,",0.9123291969299316,1.0,1.0,1.0
From gateway to my network remove nat,"@middlebox,@operation,@destination,@origin,","@origin,@destination,@operation,@middlebox,",0.9123291969299316,1.0,1.0,1.0
Do not let Staff members access any social media,"@traffic,@operation,@target,","@operation,@target,@traffic,",0.9123291969299316,1.0,1.0,1.0
Between internet and servers limit traffic to 5Gbps interval 4pm to 7pm,"@traffic,@qos_value,@destination,@origin,@qos_constraint,@qos_unit,@end,@start,","@origin,@destination,@qos_constraint,@traffic,@qos_value,@qos_unit,@start,@end,",0.9123291969299316,1.0,1.0,1.0
Set 5gbps limit for servers during 4pm to 7pm,"@qos_constraint,@qos_unit,@end,@start,@operation,@qos_value,@target,","@operation,@qos_value,@qos_unit,@qos_constraint,@target,@start,@end,",0.9123291969299316,1.0,1.0,1.0
From internet to Labs block F2movies,"@operation,@service,@destination,@origin,","@origin,@destination,@operation,@service,",0.9123291969299316,1.0,1.0,1.0
"Lumi, allow access to internal campus computers from the internet through SSH","@operation,@protocol,@origin,","@operation,@destination,@origin,@protocol,",0.9123291969299316,0.75,1.0,0.8571428571428571
"Lumi, please set to 1 GB per day the download limit for guests","@qos_unit,@qos_metric,@operation,@qos_value,@target,","@operation,@qos_value,@qos_unit,@qos_metric,@target,",0.9123291969299316,1.0,1.0,1.0
Deny SSH access to students,"@operation,@protocol,@target,","@operation,@protocol,@target,",0.9123291969299316,1.0,1.0,1.0
Mean Precision,0.9774774774774776
Mean Recall,0.9713642213642213
Mean F1,0.9744112611868927
