text,recognized_entities,expected_entities,training_time,recall,precision,f1_score
set quota to 10 GB per week at labs,"@operation,@qos_value,@target,@qos_unit,@qos_metric,","@operation,@qos_metric,@qos_value,@qos_unit,@target,",1.737741231918335,1.0,1.0,1.0
ensure that all traffic from the Internet to the labs is carefully inspected by the Deep Packet Inspection middlebox,"@traffic,@operation,@destination,@origin,@middlebox,","@traffic,@origin,@destination,@middlebox,",1.737741231918335,1.0,0.8,0.888888888888889
Students can download up to 10 GB per week of data.,"@target,@qos_constraint,@qos_unit,@qos_metric,@qos_value,","@target,@qos_constraint,@qos_value,@qos_unit,@qos_metric,",1.737741231918335,1.0,1.0,1.0
"The network firewall does prevent some applications from working in their normal manner, for example, video and audio conferencing products that use the H.323","@operation,@service,@target,","@target,@operation,@service,",1.737741231918335,1.0,1.0,1.0
"hey Lumi, add dpi to labs","@middlebox,@operation,@target,","@operation,@middlebox,@target,",1.737741231918335,1.0,1.0,1.0
"Lumi, please install an email scanner for the gateway","@operation,@target,@middlebox,","@operation,@middlebox,@target,",1.737741231918335,1.0,1.0,1.0
Add parental control from my house to internet,"@destination,@origin,@middlebox,@operation,","@operation,@middlebox,@origin,@destination,",1.737741231918335,1.0,1.0,1.0
Quotas for students are 5000 Megabyte per hr download and 2000 Megabyte per hr upload,"@qos_metric,@qos_value,@qos_value,@target,@qos_constraint,@qos_constraint,@qos_unit,","@qos_metric,@target,@qos_value,@qos_unit,@qos_constraint,@qos_value,@qos_constraint,",1.737741231918335,1.0,1.0,1.0
"Lumi, block VoIP traffic from 00:00 to 06:00","@operation,@end,@start,@traffic,","@operation,@traffic,@start,@end,",1.737741231918335,1.0,1.0,1.0
Add monitor for the university from 4am to 10pm,"@end,@middlebox,@start,@operation,@target,","@operation,@middlebox,@target,@start,@end,",1.737741231918335,1.0,1.0,1.0
Students data limit is 100 GB per week,"@qos_constraint,@qos_unit,@qos_value,@target,","@target,@qos_metric,@qos_value,@qos_unit,",1.737741231918335,0.75,0.75,0.75
We provide a data plan quota for all staff of 10 GB per day,"@qos_metric,@operation,@qos_value,@target,@qos_unit,","@operation,@qos_metric,@target,@qos_value,@qos_unit,",1.737741231918335,1.0,1.0,1.0
Net2Phone is allowed by the University firewall,"@service,@target,@middlebox,@operation,","@service,@operation,@target,@middlebox,",1.737741231918335,1.0,1.0,1.0
Do no let students access Netflix from the laboratories to the internet,"@operation,@service,@destination,@target,@origin,","@operation,@target,@service,@origin,@destination,",1.737741231918335,1.0,1.0,1.0
"When a total of 18 gigabytes of data is reached, the individual's bandwidth rate limit is set to 2 Mbps","@operation,@qos_value,@qos_value,@target,@qos_unit,@qos_unit,@qos_metric,@qos_metric,","@qos_value,@qos_unit,@qos_metric,@target,@qos_metric,@operation,@qos_value,@qos_unit,",1.737741231918335,1.0,1.0,1.0
I want the torrent traffic from guest users to be no more than 100 mbps,"@qos_unit,@qos_metric,@traffic,@traffic,@operation,@qos_value,@target,@qos_constraint,","@traffic,@target,@qos_metric,@qos_value,@qos_unit,",1.737741231918335,1.0,0.7142857142857143,0.8333333333333333
inspect all internet traffic,"@qos_constraint,@middlebox,@traffic,","@middlebox,@traffic,@target,",1.737741231918335,0.6666666666666666,0.6666666666666666,0.6666666666666666
PC-Telephone is allowed by the University firewall,"@operation,@service,@target,@middlebox,","@service,@operation,@target,@middlebox,",1.737741231918335,1.0,1.0,1.0
Guests cannot run any file sharing/downloading program,"@operation,@service,@target,","@target,@operation,@service,",1.737741231918335,1.0,1.0,1.0
Grant SSH access to professors,"@operation,@protocol,@target,","@operation,@protocol,@target,",1.737741231918335,1.0,1.0,1.0
prevent all f2movies traffic from reaching the students in the labs,"@operation,@service,@target,@target,","@operation,@service,@target,@target,",1.737741231918335,1.0,1.0,1.0
Set 5gbps limit for servers during 4pm to 7pm,"@start,@operation,@qos_value,@target,@qos_constraint,@qos_unit,@end,","@operation,@qos_value,@qos_unit,@qos_constraint,@target,@start,@end,",1.737741231918335,1.0,1.0,1.0
limit to 100 Mbps the bandwidth torrent traffic can consume,"@qos_metric,@traffic,@qos_value,@qos_constraint,@qos_unit,","@qos_constraint,@qos_value,@qos_unit,@qos_metric,@traffic,",1.737741231918335,1.0,1.0,1.0
"If a student is in obvious violations of copyright law by using a room's wired connection (ie ResNet) to distribute copyrighted materials, the room's connection will be disabled, and the issue could be sent to Housing Student Judicial Affairs",,"@target,@middlebox,",1.737741231918335,0.0,0.0,0.0
Add inspection for the university from 22:00 to 12:00,"@end,@middlebox,@start,@operation,@target,","@operation,@middlebox,@target,@start,@end,",1.737741231918335,1.0,1.0,1.0
"Lumi, for the guest network, limit the traffic of torrent protocol to 100 mbps","@target,@target,@qos_constraint,@qos_unit,@qos_value,","@target,@qos_constraint,@target,@qos_value,@qos_unit,",1.737741231918335,1.0,1.0,1.0
Permit gaming for PS4 from 13:00 to 18:00,"@end,@start,@traffic,@operation,@target,","@operation,@traffic,@target,@start,@end,",1.737741231918335,1.0,1.0,1.0
"Lumi, setup a TCP accelerator between LAN and video server","@protocol,@origin,@service,@destination,","@operation,@middlebox,@origin,@destination,",1.737741231918335,0.5,0.5,0.5
HTTP and HTTPS are allowed by the University firewall,"@operation,@protocol,@protocol,@target,@middlebox,","@protocol,@protocol,@operation,@target,@middlebox,",1.737741231918335,1.0,1.0,1.0
Increase the bandwidth consumption limit for professors to 100 Mbps,"@qos_metric,@operation,@qos_value,@target,@qos_unit,","@operation,@qos_metric,@target,@qos_value,@qos_unit,",1.737741231918335,1.0,1.0,1.0
make sure all traffic to server racks is throttled to 1 gbps from 4pm to 9pm,"@destination,@qos_constraint,@qos_unit,@end,@start,@traffic,@qos_value,","@traffic,@destination,@qos_constraint,@qos_value,@qos_unit,@start,@end,",1.737741231918335,1.0,1.0,1.0
"hey lumi, please allow traffic only from professors","@operation,@target,","@operation,@traffic,@target,",1.737741231918335,0.6666666666666666,1.0,0.8
"No individual service or system running on the wired/wireless network should use more than 10 gigabytes of per day, regardless of whether it is inbound or outbound over the commodity network link","@qos_metric,@qos_value,@target,@qos_constraint,@qos_constraint,@qos_unit,","@target,@qos_metric,@qos_value,@qos_unit,@qos_constraint,@qos_constraint,",1.737741231918335,1.0,1.0,1.0
"CIS restricts traffic that is known to cause damage to the network or hosts on it, such as NETBIOS","@operation,@service,@target,","@operation,@target,@service,",1.737741231918335,1.0,1.0,1.0
Battlenet is allowed by the University firewall,"@middlebox,@operation,@service,@target,","@service,@operation,@target,@middlebox,",1.737741231918335,1.0,1.0,1.0
Set users bandwidth to 500 kbps when the 100 Gb per month quota is reached,"@operation,@qos_value,@qos_value,@target,@qos_unit,@qos_unit,@qos_metric,@qos_metric,","@operation,@target,@qos_metric,@qos_value,@qos_unit,@qos_value,@qos_unit,@qos_metric,",1.737741231918335,1.0,1.0,1.0
We provide a quota to all students of 1 GB per week of usage,"@qos_unit,@qos_metric,@operation,@qos_value,@target,","@operation,@qos_metric,@target,@qos_value,@qos_unit,",1.737741231918335,1.0,1.0,1.0
put a download quota for students of 10 gb per week,"@qos_metric,@operation,@qos_value,@target,@qos_constraint,@qos_unit,","@qos_constraint,@qos_metric,@target,@qos_value,@qos_unit,",1.737741231918335,1.0,0.8333333333333334,0.9090909090909091
unblock facebook traffic,"@operation,@service,","@operation,@service,",1.737741231918335,1.0,1.0,1.0
SMTP is allowed by the University firewall,"@middlebox,@operation,@protocol,@target,","@protocol,@operation,@target,@middlebox,",1.737741231918335,1.0,1.0,1.0
Telnet is allowed by the University firewall,"@operation,@protocol,@target,@middlebox,","@protocol,@operation,@target,@middlebox,",1.737741231918335,1.0,1.0,1.0
Limit rack servers to 5gbps during 5pm to 7pm,"@start,@qos_value,@qos_constraint,@qos_unit,@end,","@qos_constraint,@target,@qos_value,@qos_unit,@start,@end,",1.737741231918335,0.8333333333333334,1.0,0.9090909090909091
Guests' network is rate-limited to 5 Mb/s per user,"@qos_metric,@qos_value,@target,@qos_unit,","@target,@qos_metric,@qos_value,@qos_unit,",1.737741231918335,1.0,1.0,1.0
Block bittorrent for professors,"@operation,@service,@target,","@operation,@service,@target,",1.737741231918335,1.0,1.0,1.0
Staff is allowed to access ftp,"@operation,@protocol,@target,","@target,@operation,@protocol,",1.737741231918335,1.0,1.0,1.0
Sony Playstation 2 is allowed by the University firewall,"@middlebox,@operation,@service,@target,","@service,@operation,@target,@middlebox,",1.737741231918335,1.0,1.0,1.0
"please lumi, define dorms quota to 10 gb per week","@qos_metric,@operation,@qos_value,@qos_unit,","@operation,@target,@qos_metric,@qos_value,@qos_unit,",1.737741231918335,0.8,1.0,0.888888888888889
Limit students in the dorm to 10 GB per week,"@qos_constraint,@qos_unit,@qos_value,@target,@target,","@qos_constraint,@target,@target,@qos_value,@qos_unit,",1.737741231918335,1.0,1.0,1.0
From gateway to my network remove nat,"@middlebox,@operation,@destination,@origin,","@origin,@destination,@operation,@middlebox,",1.737741231918335,1.0,1.0,1.0
"Lumi, block SIP traffic from 19:00 to 08:00 for dorms","@target,@end,@start,@traffic,@operation,","@operation,@protocol,@start,@end,@target,",1.737741231918335,0.8,0.8,0.8000000000000002
Mean Precision,0.9412857142857142
Mean Recall,0.9403333333333334
Mean F1,0.940809282785848
